{
    "utterances": [
        {
            "text": "Ask mistral",
            "entities": [
                {
                    "entity": "action:action",
                    "start": 0,
                    "end": 3,
                    "body": "Ask",
                    "entities": []
                },
                {
                    "entity": "entity:entity",
                    "start": 4,
                    "end": 11,
                    "body": "mistral",
                    "entities": []
                }
            ],
            "traits": [],
            "intent": "ask_mistral"
        }
    ]
}
